product_id,product_name,category,subcategory,brand,list_price
P00001,Jeans BelleVie 00001,Vêtements,Jeans,BelleVie,50.73
P00002,Bottes Maison+ 00002,Chaussures,Bottes,Maison+,49.82
P00003,Parfum Maison+ 00003,Beauté,Parfum,Maison+,94.44
P00004,Textile OmniBasics 00004,Maison,Textile,OmniBasics,149.19
P00005,Déco BelleVie 00005,Maison,Déco,BelleVie,26.81
P00006,Casquettes SportyCo 00006,Accessoires,Casquettes,SportyCo,36.92
P00007,T-shirts UrbanLine 00007,Vêtements,T-shirts,UrbanLine,96.17
P00008,Jeans OmniBasics 00008,Vêtements,Jeans,OmniBasics,54.91
P00009,Makeup Maison+ 00009,Beauté,Makeup,Maison+,24.59
P00010,Ceintures Maison+ 00010,Accessoires,Ceintures,Maison+,108.25
P00011,Pulls UrbanLine 00011,Vêtements,Pulls,UrbanLine,71.08
P00012,Bottes BelleVie 00012,Chaussures,Bottes,BelleVie,90.02
P00013,Déco Maison+ 00013,Maison,Déco,Maison+,170.46
P00014,Jeans OmniBasics 00014,Vêtements,Jeans,OmniBasics,99.53
P00015,Skincare OmniBasics 00015,Beauté,Skincare,OmniBasics,29.52
P00016,Cuisine Maison+ 00016,Maison,Cuisine,Maison+,51.97
P00017,Skincare BelleVie 00017,Beauté,Skincare,BelleVie,22.57
P00018,Bottes SportyCo 00018,Chaussures,Bottes,SportyCo,113.15
P00019,Textile SportyCo 00019,Maison,Textile,SportyCo,87.09
P00020,Bottes SportyCo 00020,Chaussures,Bottes,SportyCo,106.56
P00021,T-shirts UrbanLine 00021,Vêtements,T-shirts,UrbanLine,80.88
P00022,Makeup OmniBasics 00022,Beauté,Makeup,OmniBasics,47.25
P00023,Textile SportyCo 00023,Maison,Textile,SportyCo,59.27
P00024,Déco OmniBasics 00024,Maison,Déco,OmniBasics,140.16
P00025,Textile Maison+ 00025,Maison,Textile,Maison+,32.97
P00026,Parfum BelleVie 00026,Beauté,Parfum,BelleVie,8.33
P00027,Ceintures SportyCo 00027,Accessoires,Ceintures,SportyCo,137.77
P00028,Ceintures UrbanLine 00028,Accessoires,Ceintures,UrbanLine,62.35
P00029,Sneakers SportyCo 00029,Chaussures,Sneakers,SportyCo,82.0
P00030,T-shirts Maison+ 00030,Vêtements,T-shirts,Maison+,107.27
P00031,Ceintures OmniBasics 00031,Accessoires,Ceintures,OmniBasics,43.72
P00032,Déco OmniBasics 00032,Maison,Déco,OmniBasics,149.6
P00033,Pulls UrbanLine 00033,Vêtements,Pulls,UrbanLine,28.48
P00034,Makeup UrbanLine 00034,Beauté,Makeup,UrbanLine,35.04
P00035,Textile UrbanLine 00035,Maison,Textile,UrbanLine,186.64
P00036,Sandales BelleVie 00036,Chaussures,Sandales,BelleVie,179.3
P00037,Bijoux SportyCo 00037,Accessoires,Bijoux,SportyCo,73.21
P00038,Bottes OmniBasics 00038,Chaussures,Bottes,OmniBasics,84.02
P00039,Cuisine UrbanLine 00039,Maison,Cuisine,UrbanLine,122.63
P00040,T-shirts OmniBasics 00040,Vêtements,T-shirts,OmniBasics,39.04
P00041,Robes OmniBasics 00041,Vêtements,Robes,OmniBasics,68.99
P00042,Bijoux UrbanLine 00042,Accessoires,Bijoux,UrbanLine,85.49
P00043,Cuisine BelleVie 00043,Maison,Cuisine,BelleVie,57.68
P00044,Skincare UrbanLine 00044,Beauté,Skincare,UrbanLine,17.62
P00045,Skincare BelleVie 00045,Beauté,Skincare,BelleVie,49.93
P00046,Chemises OmniBasics 00046,Vêtements,Chemises,OmniBasics,21.36
P00047,Sacs UrbanLine 00047,Accessoires,Sacs,UrbanLine,36.82
P00048,Textile UrbanLine 00048,Maison,Textile,UrbanLine,91.31
P00049,Bijoux UrbanLine 00049,Accessoires,Bijoux,UrbanLine,132.43
P00050,Manteaux SportyCo 00050,Vêtements,Manteaux,SportyCo,25.28
P00051,Déco OmniBasics 00051,Maison,Déco,OmniBasics,186.16
P00052,Bottes BelleVie 00052,Chaussures,Bottes,BelleVie,105.42
P00053,Ville OmniBasics 00053,Chaussures,Ville,OmniBasics,58.87
P00054,Manteaux Maison+ 00054,Vêtements,Manteaux,Maison+,112.28
P00055,Skincare BelleVie 00055,Beauté,Skincare,BelleVie,79.05
P00056,Cuisine BelleVie 00056,Maison,Cuisine,BelleVie,41.1
P00057,Ceintures OmniBasics 00057,Accessoires,Ceintures,OmniBasics,91.09
P00058,Déco Maison+ 00058,Maison,Déco,Maison+,22.75
P00059,Textile SportyCo 00059,Maison,Textile,SportyCo,184.84
P00060,Déco OmniBasics 00060,Maison,Déco,OmniBasics,192.63
P00061,Jeans OmniBasics 00061,Vêtements,Jeans,OmniBasics,77.48
P00062,Ville OmniBasics 00062,Chaussures,Ville,OmniBasics,171.53
P00063,Déco SportyCo 00063,Maison,Déco,SportyCo,123.77
P00064,Déco BelleVie 00064,Maison,Déco,BelleVie,135.59
P00065,Cuisine Maison+ 00065,Maison,Cuisine,Maison+,187.72
P00066,Sandales UrbanLine 00066,Chaussures,Sandales,UrbanLine,73.51
P00067,Sandales BelleVie 00067,Chaussures,Sandales,BelleVie,80.85
P00068,T-shirts BelleVie 00068,Vêtements,T-shirts,BelleVie,80.22
P00069,Déco OmniBasics 00069,Maison,Déco,OmniBasics,113.08
P00070,Textile UrbanLine 00070,Maison,Textile,UrbanLine,187.45
P00071,Jeans Maison+ 00071,Vêtements,Jeans,Maison+,44.92
P00072,Makeup Maison+ 00072,Beauté,Makeup,Maison+,70.39
P00073,Déco SportyCo 00073,Maison,Déco,SportyCo,68.28
P00074,Jeans Maison+ 00074,Vêtements,Jeans,Maison+,27.12
P00075,Chemises SportyCo 00075,Vêtements,Chemises,SportyCo,31.32
P00076,Ceintures Maison+ 00076,Accessoires,Ceintures,Maison+,38.5
P00077,Bijoux Maison+ 00077,Accessoires,Bijoux,Maison+,136.75
P00078,T-shirts BelleVie 00078,Vêtements,T-shirts,BelleVie,102.08
P00079,T-shirts Maison+ 00079,Vêtements,T-shirts,Maison+,95.97
P00080,Ceintures BelleVie 00080,Accessoires,Ceintures,BelleVie,87.24
P00081,Makeup OmniBasics 00081,Beauté,Makeup,OmniBasics,19.41
P00082,Sneakers Maison+ 00082,Chaussures,Sneakers,Maison+,119.46
P00083,Ville UrbanLine 00083,Chaussures,Ville,UrbanLine,41.07
P00084,Sacs Maison+ 00084,Accessoires,Sacs,Maison+,39.41
P00085,Sneakers Maison+ 00085,Chaussures,Sneakers,Maison+,148.12
P00086,Makeup UrbanLine 00086,Beauté,Makeup,UrbanLine,102.43
P00087,Bottes UrbanLine 00087,Chaussures,Bottes,UrbanLine,162.81
P00088,Jeans Maison+ 00088,Vêtements,Jeans,Maison+,97.15
P00089,Makeup UrbanLine 00089,Beauté,Makeup,UrbanLine,35.21
P00090,Manteaux OmniBasics 00090,Vêtements,Manteaux,OmniBasics,105.15
P00091,Bottes BelleVie 00091,Chaussures,Bottes,BelleVie,85.7
P00092,Bottes OmniBasics 00092,Chaussures,Bottes,OmniBasics,130.7
P00093,Skincare Maison+ 00093,Beauté,Skincare,Maison+,96.16
P00094,Casquettes SportyCo 00094,Accessoires,Casquettes,SportyCo,65.95
P00095,Textile OmniBasics 00095,Maison,Textile,OmniBasics,33.68
P00096,Ceintures SportyCo 00096,Accessoires,Ceintures,SportyCo,144.75
P00097,Sacs OmniBasics 00097,Accessoires,Sacs,OmniBasics,93.52
P00098,Casquettes BelleVie 00098,Accessoires,Casquettes,BelleVie,94.87
P00099,Déco BelleVie 00099,Maison,Déco,BelleVie,181.11
P00100,Sandales OmniBasics 00100,Chaussures,Sandales,OmniBasics,137.77
P00101,Pulls SportyCo 00101,Vêtements,Pulls,SportyCo,87.12
P00102,Sandales BelleVie 00102,Chaussures,Sandales,BelleVie,45.15
P00103,Casquettes OmniBasics 00103,Accessoires,Casquettes,OmniBasics,110.77
P00104,Casquettes BelleVie 00104,Accessoires,Casquettes,BelleVie,55.67
P00105,Ceintures UrbanLine 00105,Accessoires,Ceintures,UrbanLine,68.86
P00106,Makeup UrbanLine 00106,Beauté,Makeup,UrbanLine,70.78
P00107,Bijoux SportyCo 00107,Accessoires,Bijoux,SportyCo,126.72
P00108,Casquettes UrbanLine 00108,Accessoires,Casquettes,UrbanLine,70.18
P00109,Cuisine Maison+ 00109,Maison,Cuisine,Maison+,99.42
P00110,Makeup UrbanLine 00110,Beauté,Makeup,UrbanLine,60.14
P00111,Sneakers Maison+ 00111,Chaussures,Sneakers,Maison+,109.74
P00112,Textile OmniBasics 00112,Maison,Textile,OmniBasics,165.86
P00113,Sandales UrbanLine 00113,Chaussures,Sandales,UrbanLine,151.95
P00114,Sneakers OmniBasics 00114,Chaussures,Sneakers,OmniBasics,70.5
P00115,Makeup OmniBasics 00115,Beauté,Makeup,OmniBasics,54.45
P00116,Déco BelleVie 00116,Maison,Déco,BelleVie,104.94
P00117,Bottes OmniBasics 00117,Chaussures,Bottes,OmniBasics,164.44
P00118,Manteaux UrbanLine 00118,Vêtements,Manteaux,UrbanLine,33.47
P00119,Textile OmniBasics 00119,Maison,Textile,OmniBasics,116.79
P00120,Manteaux UrbanLine 00120,Vêtements,Manteaux,UrbanLine,99.15
P00121,Cuisine SportyCo 00121,Maison,Cuisine,SportyCo,71.65
P00122,Makeup SportyCo 00122,Beauté,Makeup,SportyCo,51.53
P00123,Textile UrbanLine 00123,Maison,Textile,UrbanLine,151.81
P00124,Skincare Maison+ 00124,Beauté,Skincare,Maison+,84.68
P00125,Bijoux UrbanLine 00125,Accessoires,Bijoux,UrbanLine,48.44
P00126,Chemises Maison+ 00126,Vêtements,Chemises,Maison+,39.62
P00127,Casquettes SportyCo 00127,Accessoires,Casquettes,SportyCo,21.28
P00128,Bottes BelleVie 00128,Chaussures,Bottes,BelleVie,135.62
P00129,Sneakers BelleVie 00129,Chaussures,Sneakers,BelleVie,94.1
P00130,Textile BelleVie 00130,Maison,Textile,BelleVie,23.71
P00131,Skincare SportyCo 00131,Beauté,Skincare,SportyCo,104.5
P00132,Pulls BelleVie 00132,Vêtements,Pulls,BelleVie,65.08
P00133,Casquettes BelleVie 00133,Accessoires,Casquettes,BelleVie,129.48
P00134,Makeup SportyCo 00134,Beauté,Makeup,SportyCo,89.59
P00135,Ville UrbanLine 00135,Chaussures,Ville,UrbanLine,74.58
P00136,Parfum BelleVie 00136,Beauté,Parfum,BelleVie,42.29
P00137,Makeup UrbanLine 00137,Beauté,Makeup,UrbanLine,93.73
P00138,Sneakers BelleVie 00138,Chaussures,Sneakers,BelleVie,120.82
P00139,T-shirts BelleVie 00139,Vêtements,T-shirts,BelleVie,29.25
P00140,Parfum OmniBasics 00140,Beauté,Parfum,OmniBasics,34.54
P00141,Ceintures BelleVie 00141,Accessoires,Ceintures,BelleVie,55.76
P00142,Skincare BelleVie 00142,Beauté,Skincare,BelleVie,33.73
P00143,Manteaux OmniBasics 00143,Vêtements,Manteaux,OmniBasics,93.65
P00144,Robes UrbanLine 00144,Vêtements,Robes,UrbanLine,83.27
P00145,T-shirts UrbanLine 00145,Vêtements,T-shirts,UrbanLine,35.93
P00146,Pulls UrbanLine 00146,Vêtements,Pulls,UrbanLine,40.05
P00147,Makeup OmniBasics 00147,Beauté,Makeup,OmniBasics,65.52
P00148,Ville Maison+ 00148,Chaussures,Ville,Maison+,146.2
P00149,Sneakers UrbanLine 00149,Chaussures,Sneakers,UrbanLine,174.88
P00150,Pulls OmniBasics 00150,Vêtements,Pulls,OmniBasics,112.53
P00151,Cuisine BelleVie 00151,Maison,Cuisine,BelleVie,86.57
P00152,Sneakers SportyCo 00152,Chaussures,Sneakers,SportyCo,135.14
P00153,Sneakers Maison+ 00153,Chaussures,Sneakers,Maison+,158.29
P00154,Déco SportyCo 00154,Maison,Déco,SportyCo,159.14
P00155,Bijoux Maison+ 00155,Accessoires,Bijoux,Maison+,19.65
P00156,Sacs BelleVie 00156,Accessoires,Sacs,BelleVie,125.13
P00157,Manteaux Maison+ 00157,Vêtements,Manteaux,Maison+,81.74
P00158,Makeup UrbanLine 00158,Beauté,Makeup,UrbanLine,52.42
P00159,Cuisine Maison+ 00159,Maison,Cuisine,Maison+,127.79
P00160,Textile BelleVie 00160,Maison,Textile,BelleVie,93.89
P00161,Textile Maison+ 00161,Maison,Textile,Maison+,172.12
P00162,Robes BelleVie 00162,Vêtements,Robes,BelleVie,40.61
P00163,Makeup SportyCo 00163,Beauté,Makeup,SportyCo,76.16
P00164,Sacs BelleVie 00164,Accessoires,Sacs,BelleVie,129.13
P00165,Ville UrbanLine 00165,Chaussures,Ville,UrbanLine,86.45
P00166,Casquettes Maison+ 00166,Accessoires,Casquettes,Maison+,133.24
P00167,Sacs SportyCo 00167,Accessoires,Sacs,SportyCo,142.73
P00168,Jeans BelleVie 00168,Vêtements,Jeans,BelleVie,66.3
P00169,Ville BelleVie 00169,Chaussures,Ville,BelleVie,99.99
P00170,T-shirts Maison+ 00170,Vêtements,T-shirts,Maison+,38.27
P00171,Sandales SportyCo 00171,Chaussures,Sandales,SportyCo,88.51
P00172,Cuisine Maison+ 00172,Maison,Cuisine,Maison+,91.99
P00173,Textile Maison+ 00173,Maison,Textile,Maison+,144.14
P00174,Casquettes Maison+ 00174,Accessoires,Casquettes,Maison+,42.28
P00175,Sandales OmniBasics 00175,Chaussures,Sandales,OmniBasics,142.72
P00176,Bottes UrbanLine 00176,Chaussures,Bottes,UrbanLine,142.1
P00177,Casquettes OmniBasics 00177,Accessoires,Casquettes,OmniBasics,126.57
P00178,Ceintures Maison+ 00178,Accessoires,Ceintures,Maison+,35.12
P00179,Chemises SportyCo 00179,Vêtements,Chemises,SportyCo,28.29
P00180,T-shirts SportyCo 00180,Vêtements,T-shirts,SportyCo,45.67
P00181,Ville OmniBasics 00181,Chaussures,Ville,OmniBasics,161.54
P00182,Textile BelleVie 00182,Maison,Textile,BelleVie,102.0
P00183,Ceintures OmniBasics 00183,Accessoires,Ceintures,OmniBasics,45.35
P00184,Parfum OmniBasics 00184,Beauté,Parfum,OmniBasics,48.87
P00185,Pulls OmniBasics 00185,Vêtements,Pulls,OmniBasics,30.93
P00186,Textile OmniBasics 00186,Maison,Textile,OmniBasics,198.86
P00187,Pulls BelleVie 00187,Vêtements,Pulls,BelleVie,78.66
P00188,Déco SportyCo 00188,Maison,Déco,SportyCo,83.51
P00189,Skincare SportyCo 00189,Beauté,Skincare,SportyCo,108.98
P00190,Sacs SportyCo 00190,Accessoires,Sacs,SportyCo,144.42
P00191,Jeans UrbanLine 00191,Vêtements,Jeans,UrbanLine,42.79
P00192,Jeans UrbanLine 00192,Vêtements,Jeans,UrbanLine,33.25
P00193,Jeans OmniBasics 00193,Vêtements,Jeans,OmniBasics,57.89
P00194,Textile Maison+ 00194,Maison,Textile,Maison+,18.14
P00195,Casquettes BelleVie 00195,Accessoires,Casquettes,BelleVie,19.97
P00196,Sandales SportyCo 00196,Chaussures,Sandales,SportyCo,130.87
P00197,Ville OmniBasics 00197,Chaussures,Ville,OmniBasics,113.96
P00198,Sandales UrbanLine 00198,Chaussures,Sandales,UrbanLine,45.35
P00199,Sandales SportyCo 00199,Chaussures,Sandales,SportyCo,143.6
P00200,Textile BelleVie 00200,Maison,Textile,BelleVie,35.38
P00201,Bijoux Maison+ 00201,Accessoires,Bijoux,Maison+,80.07
P00202,Skincare OmniBasics 00202,Beauté,Skincare,OmniBasics,69.0
P00203,Makeup Maison+ 00203,Beauté,Makeup,Maison+,69.58
P00204,T-shirts UrbanLine 00204,Vêtements,T-shirts,UrbanLine,116.0
P00205,Cuisine OmniBasics 00205,Maison,Cuisine,OmniBasics,199.92
P00206,Sacs UrbanLine 00206,Accessoires,Sacs,UrbanLine,75.87
P00207,Skincare UrbanLine 00207,Beauté,Skincare,UrbanLine,109.69
P00208,Makeup BelleVie 00208,Beauté,Makeup,BelleVie,106.84
P00209,Skincare BelleVie 00209,Beauté,Skincare,BelleVie,42.0
P00210,Jeans Maison+ 00210,Vêtements,Jeans,Maison+,58.22
P00211,Skincare BelleVie 00211,Beauté,Skincare,BelleVie,90.98
P00212,Déco BelleVie 00212,Maison,Déco,BelleVie,28.56
P00213,Casquettes OmniBasics 00213,Accessoires,Casquettes,OmniBasics,145.83
P00214,Makeup OmniBasics 00214,Beauté,Makeup,OmniBasics,75.08
P00215,Textile BelleVie 00215,Maison,Textile,BelleVie,22.19
P00216,Textile SportyCo 00216,Maison,Textile,SportyCo,154.21
P00217,Parfum UrbanLine 00217,Beauté,Parfum,UrbanLine,35.24
P00218,Sandales BelleVie 00218,Chaussures,Sandales,BelleVie,162.72
P00219,Parfum OmniBasics 00219,Beauté,Parfum,OmniBasics,107.26
P00220,Déco UrbanLine 00220,Maison,Déco,UrbanLine,70.42
P00221,Pulls BelleVie 00221,Vêtements,Pulls,BelleVie,24.79
P00222,Manteaux OmniBasics 00222,Vêtements,Manteaux,OmniBasics,83.01
P00223,Ville Maison+ 00223,Chaussures,Ville,Maison+,108.79
P00224,Bijoux BelleVie 00224,Accessoires,Bijoux,BelleVie,147.23
P00225,Ville SportyCo 00225,Chaussures,Ville,SportyCo,55.97
P00226,Bottes OmniBasics 00226,Chaussures,Bottes,OmniBasics,75.06
P00227,Skincare SportyCo 00227,Beauté,Skincare,SportyCo,35.25
P00228,Robes Maison+ 00228,Vêtements,Robes,Maison+,102.93
P00229,Cuisine BelleVie 00229,Maison,Cuisine,BelleVie,174.67
P00230,Makeup BelleVie 00230,Beauté,Makeup,BelleVie,43.2
P00231,Cuisine BelleVie 00231,Maison,Cuisine,BelleVie,97.6
P00232,Ceintures UrbanLine 00232,Accessoires,Ceintures,UrbanLine,90.05
P00233,Ville OmniBasics 00233,Chaussures,Ville,OmniBasics,81.14
P00234,Makeup BelleVie 00234,Beauté,Makeup,BelleVie,47.38
P00235,Ville OmniBasics 00235,Chaussures,Ville,OmniBasics,53.31
P00236,Textile OmniBasics 00236,Maison,Textile,OmniBasics,176.35
P00237,Parfum SportyCo 00237,Beauté,Parfum,SportyCo,100.87
P00238,Chemises UrbanLine 00238,Vêtements,Chemises,UrbanLine,58.05
P00239,Sneakers BelleVie 00239,Chaussures,Sneakers,BelleVie,148.32
P00240,Casquettes SportyCo 00240,Accessoires,Casquettes,SportyCo,106.98
P00241,Robes SportyCo 00241,Vêtements,Robes,SportyCo,54.9
P00242,Bijoux SportyCo 00242,Accessoires,Bijoux,SportyCo,15.03
P00243,Jeans Maison+ 00243,Vêtements,Jeans,Maison+,119.73
P00244,Manteaux OmniBasics 00244,Vêtements,Manteaux,OmniBasics,94.84
P00245,Manteaux UrbanLine 00245,Vêtements,Manteaux,UrbanLine,87.87
P00246,T-shirts Maison+ 00246,Vêtements,T-shirts,Maison+,98.6
P00247,Casquettes Maison+ 00247,Accessoires,Casquettes,Maison+,70.3
P00248,Ville SportyCo 00248,Chaussures,Ville,SportyCo,133.86
P00249,Bottes UrbanLine 00249,Chaussures,Bottes,UrbanLine,46.45
P00250,Makeup UrbanLine 00250,Beauté,Makeup,UrbanLine,58.76
P00251,Déco UrbanLine 00251,Maison,Déco,UrbanLine,98.7
P00252,Bijoux Maison+ 00252,Accessoires,Bijoux,Maison+,103.36
P00253,Skincare SportyCo 00253,Beauté,Skincare,SportyCo,24.11
P00254,Skincare SportyCo 00254,Beauté,Skincare,SportyCo,38.51
P00255,Makeup Maison+ 00255,Beauté,Makeup,Maison+,54.6
P00256,Ceintures BelleVie 00256,Accessoires,Ceintures,BelleVie,129.47
P00257,Jeans BelleVie 00257,Vêtements,Jeans,BelleVie,75.05
P00258,Textile Maison+ 00258,Maison,Textile,Maison+,16.12
P00259,Skincare OmniBasics 00259,Beauté,Skincare,OmniBasics,65.72
P00260,Pulls BelleVie 00260,Vêtements,Pulls,BelleVie,102.45
P00261,Ceintures SportyCo 00261,Accessoires,Ceintures,SportyCo,122.27
P00262,Bottes SportyCo 00262,Chaussures,Bottes,SportyCo,71.34
P00263,Sneakers OmniBasics 00263,Chaussures,Sneakers,OmniBasics,79.8
P00264,Parfum SportyCo 00264,Beauté,Parfum,SportyCo,45.22
P00265,Sneakers Maison+ 00265,Chaussures,Sneakers,Maison+,82.37
P00266,Parfum UrbanLine 00266,Beauté,Parfum,UrbanLine,21.48
P00267,Textile SportyCo 00267,Maison,Textile,SportyCo,106.34
P00268,Ceintures Maison+ 00268,Accessoires,Ceintures,Maison+,137.97
P00269,Skincare Maison+ 00269,Beauté,Skincare,Maison+,90.03
P00270,Parfum UrbanLine 00270,Beauté,Parfum,UrbanLine,84.92
P00271,Ville SportyCo 00271,Chaussures,Ville,SportyCo,88.04
P00272,Parfum Maison+ 00272,Beauté,Parfum,Maison+,62.73
P00273,Skincare Maison+ 00273,Beauté,Skincare,Maison+,67.63
P00274,Sacs UrbanLine 00274,Accessoires,Sacs,UrbanLine,76.01
P00275,Cuisine Maison+ 00275,Maison,Cuisine,Maison+,184.07
P00276,Sneakers BelleVie 00276,Chaussures,Sneakers,BelleVie,166.86
P00277,Bijoux OmniBasics 00277,Accessoires,Bijoux,OmniBasics,29.57
P00278,Robes BelleVie 00278,Vêtements,Robes,BelleVie,27.19
P00279,Bottes BelleVie 00279,Chaussures,Bottes,BelleVie,100.78
P00280,Textile SportyCo 00280,Maison,Textile,SportyCo,151.55
P00281,Ville OmniBasics 00281,Chaussures,Ville,OmniBasics,155.89
P00282,Textile Maison+ 00282,Maison,Textile,Maison+,18.15
P00283,Ceintures BelleVie 00283,Accessoires,Ceintures,BelleVie,72.26
P00284,Sandales OmniBasics 00284,Chaussures,Sandales,OmniBasics,177.23
P00285,Casquettes OmniBasics 00285,Accessoires,Casquettes,OmniBasics,65.74
P00286,Sneakers BelleVie 00286,Chaussures,Sneakers,BelleVie,48.29
P00287,Sneakers OmniBasics 00287,Chaussures,Sneakers,OmniBasics,149.09
P00288,Bottes SportyCo 00288,Chaussures,Bottes,SportyCo,64.75
P00289,Déco SportyCo 00289,Maison,Déco,SportyCo,52.6
P00290,Sandales UrbanLine 00290,Chaussures,Sandales,UrbanLine,149.35
P00291,Déco Maison+ 00291,Maison,Déco,Maison+,173.38
P00292,Bottes SportyCo 00292,Chaussures,Bottes,SportyCo,71.34
P00293,Sneakers OmniBasics 00293,Chaussures,Sneakers,OmniBasics,54.11
P00294,Ceintures SportyCo 00294,Accessoires,Ceintures,SportyCo,55.33
P00295,Sandales OmniBasics 00295,Chaussures,Sandales,OmniBasics,53.38
P00296,Makeup OmniBasics 00296,Beauté,Makeup,OmniBasics,84.06
P00297,Skincare Maison+ 00297,Beauté,Skincare,Maison+,60.35
P00298,Manteaux SportyCo 00298,Vêtements,Manteaux,SportyCo,38.26
P00299,Déco SportyCo 00299,Maison,Déco,SportyCo,68.71
P00300,T-shirts BelleVie 00300,Vêtements,T-shirts,BelleVie,103.97
P00301,Makeup OmniBasics 00301,Beauté,Makeup,OmniBasics,58.01
P00302,Parfum OmniBasics 00302,Beauté,Parfum,OmniBasics,40.86
P00303,Sneakers UrbanLine 00303,Chaussures,Sneakers,UrbanLine,74.88
P00304,Cuisine Maison+ 00304,Maison,Cuisine,Maison+,83.61
P00305,Cuisine Maison+ 00305,Maison,Cuisine,Maison+,97.3
P00306,Textile OmniBasics 00306,Maison,Textile,OmniBasics,161.1
P00307,Chemises SportyCo 00307,Vêtements,Chemises,SportyCo,90.69
P00308,Ville BelleVie 00308,Chaussures,Ville,BelleVie,163.77
P00309,Skincare BelleVie 00309,Beauté,Skincare,BelleVie,48.67
P00310,Robes BelleVie 00310,Vêtements,Robes,BelleVie,47.81
P00311,Casquettes UrbanLine 00311,Accessoires,Casquettes,UrbanLine,106.15
P00312,Parfum OmniBasics 00312,Beauté,Parfum,OmniBasics,92.84
P00313,Manteaux OmniBasics 00313,Vêtements,Manteaux,OmniBasics,93.18
P00314,Ceintures SportyCo 00314,Accessoires,Ceintures,SportyCo,18.4
P00315,Cuisine Maison+ 00315,Maison,Cuisine,Maison+,137.96
P00316,Skincare BelleVie 00316,Beauté,Skincare,BelleVie,96.55
P00317,Robes SportyCo 00317,Vêtements,Robes,SportyCo,47.81
P00318,Pulls SportyCo 00318,Vêtements,Pulls,SportyCo,37.34
P00319,Parfum OmniBasics 00319,Beauté,Parfum,OmniBasics,43.71
P00320,Textile OmniBasics 00320,Maison,Textile,OmniBasics,155.37
P00321,Déco BelleVie 00321,Maison,Déco,BelleVie,170.89
P00322,Cuisine SportyCo 00322,Maison,Cuisine,SportyCo,16.94
P00323,Sacs UrbanLine 00323,Accessoires,Sacs,UrbanLine,48.26
P00324,Casquettes Maison+ 00324,Accessoires,Casquettes,Maison+,10.85
P00325,Ville OmniBasics 00325,Chaussures,Ville,OmniBasics,55.57
P00326,T-shirts SportyCo 00326,Vêtements,T-shirts,SportyCo,37.59
P00327,Skincare Maison+ 00327,Beauté,Skincare,Maison+,24.06
P00328,Casquettes SportyCo 00328,Accessoires,Casquettes,SportyCo,93.47
P00329,Jeans UrbanLine 00329,Vêtements,Jeans,UrbanLine,94.22
P00330,Chemises OmniBasics 00330,Vêtements,Chemises,OmniBasics,43.57
P00331,Skincare SportyCo 00331,Beauté,Skincare,SportyCo,53.09
P00332,Ceintures SportyCo 00332,Accessoires,Ceintures,SportyCo,25.93
P00333,Parfum Maison+ 00333,Beauté,Parfum,Maison+,77.18
P00334,Textile SportyCo 00334,Maison,Textile,SportyCo,137.42
P00335,Jeans BelleVie 00335,Vêtements,Jeans,BelleVie,118.37
P00336,T-shirts UrbanLine 00336,Vêtements,T-shirts,UrbanLine,46.65
P00337,Bottes Maison+ 00337,Chaussures,Bottes,Maison+,76.97
P00338,T-shirts BelleVie 00338,Vêtements,T-shirts,BelleVie,93.44
P00339,Bottes BelleVie 00339,Chaussures,Bottes,BelleVie,112.22
P00340,Sandales OmniBasics 00340,Chaussures,Sandales,OmniBasics,92.58
P00341,Manteaux OmniBasics 00341,Vêtements,Manteaux,OmniBasics,63.27
P00342,Robes SportyCo 00342,Vêtements,Robes,SportyCo,60.07
P00343,Makeup BelleVie 00343,Beauté,Makeup,BelleVie,37.53
P00344,Parfum Maison+ 00344,Beauté,Parfum,Maison+,25.53
P00345,Textile Maison+ 00345,Maison,Textile,Maison+,28.57
P00346,Jeans BelleVie 00346,Vêtements,Jeans,BelleVie,76.83
P00347,Déco BelleVie 00347,Maison,Déco,BelleVie,175.66
P00348,Ceintures Maison+ 00348,Accessoires,Ceintures,Maison+,119.08
P00349,Pulls OmniBasics 00349,Vêtements,Pulls,OmniBasics,70.71
P00350,Sandales Maison+ 00350,Chaussures,Sandales,Maison+,140.47
P00351,Bottes OmniBasics 00351,Chaussures,Bottes,OmniBasics,56.23
P00352,Bottes SportyCo 00352,Chaussures,Bottes,SportyCo,57.17
P00353,Jeans BelleVie 00353,Vêtements,Jeans,BelleVie,63.72
P00354,Cuisine BelleVie 00354,Maison,Cuisine,BelleVie,140.05
P00355,Cuisine SportyCo 00355,Maison,Cuisine,SportyCo,72.76
P00356,Ceintures BelleVie 00356,Accessoires,Ceintures,BelleVie,19.56
P00357,Makeup Maison+ 00357,Beauté,Makeup,Maison+,89.23
P00358,Déco Maison+ 00358,Maison,Déco,Maison+,107.38
P00359,Bijoux BelleVie 00359,Accessoires,Bijoux,BelleVie,15.27
P00360,Casquettes OmniBasics 00360,Accessoires,Casquettes,OmniBasics,100.25
P00361,Pulls SportyCo 00361,Vêtements,Pulls,SportyCo,68.24
P00362,Makeup SportyCo 00362,Beauté,Makeup,SportyCo,105.33
P00363,Manteaux SportyCo 00363,Vêtements,Manteaux,SportyCo,83.44
P00364,Bijoux SportyCo 00364,Accessoires,Bijoux,SportyCo,31.12
P00365,Manteaux OmniBasics 00365,Vêtements,Manteaux,OmniBasics,100.15
P00366,Sacs SportyCo 00366,Accessoires,Sacs,SportyCo,100.46
P00367,Jeans BelleVie 00367,Vêtements,Jeans,BelleVie,119.05
P00368,Cuisine SportyCo 00368,Maison,Cuisine,SportyCo,41.84
P00369,Casquettes BelleVie 00369,Accessoires,Casquettes,BelleVie,67.23
P00370,Sacs Maison+ 00370,Accessoires,Sacs,Maison+,19.23
P00371,Pulls BelleVie 00371,Vêtements,Pulls,BelleVie,44.84
P00372,Déco Maison+ 00372,Maison,Déco,Maison+,27.32
P00373,Sandales Maison+ 00373,Chaussures,Sandales,Maison+,175.32
P00374,Parfum SportyCo 00374,Beauté,Parfum,SportyCo,80.3
P00375,Robes SportyCo 00375,Vêtements,Robes,SportyCo,54.55
P00376,Ceintures SportyCo 00376,Accessoires,Ceintures,SportyCo,23.08
P00377,Makeup Maison+ 00377,Beauté,Makeup,Maison+,9.86
P00378,Ceintures UrbanLine 00378,Accessoires,Ceintures,UrbanLine,57.84
P00379,Parfum UrbanLine 00379,Beauté,Parfum,UrbanLine,110.0
P00380,Sneakers Maison+ 00380,Chaussures,Sneakers,Maison+,157.44
P00381,Pulls SportyCo 00381,Vêtements,Pulls,SportyCo,102.69
P00382,Déco Maison+ 00382,Maison,Déco,Maison+,176.76
P00383,Déco SportyCo 00383,Maison,Déco,SportyCo,82.82
P00384,Bottes SportyCo 00384,Chaussures,Bottes,SportyCo,152.31
P00385,Ville OmniBasics 00385,Chaussures,Ville,OmniBasics,94.57
P00386,Ville SportyCo 00386,Chaussures,Ville,SportyCo,76.31
P00387,Parfum SportyCo 00387,Beauté,Parfum,SportyCo,32.4
P00388,Parfum Maison+ 00388,Beauté,Parfum,Maison+,77.19
P00389,Textile BelleVie 00389,Maison,Textile,BelleVie,156.65
P00390,Makeup SportyCo 00390,Beauté,Makeup,SportyCo,50.7
P00391,Bottes SportyCo 00391,Chaussures,Bottes,SportyCo,55.07
P00392,Sacs BelleVie 00392,Accessoires,Sacs,BelleVie,132.38
P00393,Déco SportyCo 00393,Maison,Déco,SportyCo,172.02
P00394,Sacs UrbanLine 00394,Accessoires,Sacs,UrbanLine,48.19
P00395,Déco BelleVie 00395,Maison,Déco,BelleVie,29.24
P00396,Ville Maison+ 00396,Chaussures,Ville,Maison+,169.92
P00397,Parfum BelleVie 00397,Beauté,Parfum,BelleVie,59.2
P00398,Ville OmniBasics 00398,Chaussures,Ville,OmniBasics,89.36
P00399,Robes OmniBasics 00399,Vêtements,Robes,OmniBasics,103.11
P00400,Ceintures UrbanLine 00400,Accessoires,Ceintures,UrbanLine,15.36
P00401,Makeup UrbanLine 00401,Beauté,Makeup,UrbanLine,85.4
P00402,Skincare SportyCo 00402,Beauté,Skincare,SportyCo,8.54
P00403,T-shirts Maison+ 00403,Vêtements,T-shirts,Maison+,37.64
P00404,Ville OmniBasics 00404,Chaussures,Ville,OmniBasics,147.55
P00405,Sandales OmniBasics 00405,Chaussures,Sandales,OmniBasics,41.92
P00406,Makeup SportyCo 00406,Beauté,Makeup,SportyCo,54.63
P00407,Manteaux SportyCo 00407,Vêtements,Manteaux,SportyCo,71.29
P00408,Cuisine UrbanLine 00408,Maison,Cuisine,UrbanLine,147.09
P00409,Bijoux OmniBasics 00409,Accessoires,Bijoux,OmniBasics,96.07
P00410,Ville UrbanLine 00410,Chaussures,Ville,UrbanLine,131.33
P00411,Pulls Maison+ 00411,Vêtements,Pulls,Maison+,22.11
P00412,Cuisine SportyCo 00412,Maison,Cuisine,SportyCo,159.85
P00413,Cuisine OmniBasics 00413,Maison,Cuisine,OmniBasics,85.41
P00414,Parfum BelleVie 00414,Beauté,Parfum,BelleVie,108.07
P00415,Sacs Maison+ 00415,Accessoires,Sacs,Maison+,120.39
P00416,Ceintures OmniBasics 00416,Accessoires,Ceintures,OmniBasics,118.01
P00417,Ceintures OmniBasics 00417,Accessoires,Ceintures,OmniBasics,59.32
P00418,Ceintures BelleVie 00418,Accessoires,Ceintures,BelleVie,147.31
P00419,Makeup UrbanLine 00419,Beauté,Makeup,UrbanLine,90.77
P00420,Chemises BelleVie 00420,Vêtements,Chemises,BelleVie,18.88
P00421,Sneakers UrbanLine 00421,Chaussures,Sneakers,UrbanLine,163.44
P00422,Casquettes SportyCo 00422,Accessoires,Casquettes,SportyCo,65.75
P00423,Textile Maison+ 00423,Maison,Textile,Maison+,18.88
P00424,Sandales Maison+ 00424,Chaussures,Sandales,Maison+,160.01
P00425,Chemises Maison+ 00425,Vêtements,Chemises,Maison+,43.69
P00426,Bijoux BelleVie 00426,Accessoires,Bijoux,BelleVie,114.06
P00427,Skincare UrbanLine 00427,Beauté,Skincare,UrbanLine,58.61
P00428,Skincare SportyCo 00428,Beauté,Skincare,SportyCo,35.21
P00429,Chemises BelleVie 00429,Vêtements,Chemises,BelleVie,23.29
P00430,Déco SportyCo 00430,Maison,Déco,SportyCo,67.23
P00431,T-shirts Maison+ 00431,Vêtements,T-shirts,Maison+,84.4
P00432,Bijoux SportyCo 00432,Accessoires,Bijoux,SportyCo,110.47
P00433,Ville Maison+ 00433,Chaussures,Ville,Maison+,99.83
P00434,Bijoux Maison+ 00434,Accessoires,Bijoux,Maison+,99.53
P00435,T-shirts BelleVie 00435,Vêtements,T-shirts,BelleVie,53.15
P00436,Sneakers UrbanLine 00436,Chaussures,Sneakers,UrbanLine,158.06
P00437,Parfum UrbanLine 00437,Beauté,Parfum,UrbanLine,14.86
P00438,Casquettes BelleVie 00438,Accessoires,Casquettes,BelleVie,142.93
P00439,Pulls UrbanLine 00439,Vêtements,Pulls,UrbanLine,86.3
P00440,Casquettes BelleVie 00440,Accessoires,Casquettes,BelleVie,116.83
P00441,Déco SportyCo 00441,Maison,Déco,SportyCo,80.99
P00442,Casquettes UrbanLine 00442,Accessoires,Casquettes,UrbanLine,144.47
P00443,Chemises UrbanLine 00443,Vêtements,Chemises,UrbanLine,67.4
P00444,Makeup OmniBasics 00444,Beauté,Makeup,OmniBasics,34.7
P00445,Bijoux UrbanLine 00445,Accessoires,Bijoux,UrbanLine,149.49
P00446,Bijoux UrbanLine 00446,Accessoires,Bijoux,UrbanLine,27.17
P00447,Manteaux UrbanLine 00447,Vêtements,Manteaux,UrbanLine,109.36
P00448,Parfum Maison+ 00448,Beauté,Parfum,Maison+,76.12
P00449,Pulls SportyCo 00449,Vêtements,Pulls,SportyCo,45.49
P00450,Ceintures UrbanLine 00450,Accessoires,Ceintures,UrbanLine,121.12
